"severity","code","questionId","sourceFile","topicId","field","path","message"
"warning","import.source.unmapped_blocks","","44444.docx","","","import.issues[0]","1 exercise blocks were not mapped to a topic."
"warning","import.source.unmapped_blocks","","4444444444444444.doc","","","import.issues[1]","2 exercise blocks were not mapped to a topic."
"warning","import.source.no_exercise_blocks","","bai-tap-ve-so-tu-nhien-lop-6.doc","math6.number.sets_natural_numbers","","import.issues[2]","No exercise blocks were detected in this source."
"warning","import.source.unmapped_blocks","","Bo - De-KS-daunam-2011-2012-kimDongTHCS-Toan.DOC","","","import.issues[3]","7 exercise blocks were not mapped to a topic."
"warning","import.source.no_exercise_blocks","","Chuyên đề. Ba dạng toán cơ bản về phân số.doc","math6.number.fraction_operations","","import.issues[4]","No exercise blocks were detected in this source."
"warning","import.source.no_exercise_blocks","","Chuyên đề. Góc.doc","math6.geometry.angles","","import.issues[5]","No exercise blocks were detected in this source."
"warning","import.source.no_exercise_blocks","","chuyen-de-boi-duong-hoc-sinh-gioi-mon-toan-lop-6-day-so-viet-theo-quy-luat.doc","math6.advanced.sequence_patterns","","import.issues[6]","No exercise blocks were detected in this source."
"warning","import.source.no_exercise_blocks","","công tru so nguyen/phieu On tap.docx","math6.number.integers_intro","","import.issues[7]","No exercise blocks were detected in this source."
"warning","import.source.unmapped_blocks","","de-khao-sat-chat-luong-dau-nam-lop-6-mon-toan-nam-2013-2014-truong-thcs-binh-minh.doc","","","import.issues[8]","3 exercise blocks were not mapped to a topic."
"warning","import.source.unmapped_blocks","","de-kiem-tra-giua-ki-1-mon-toan-lop-6-nam-2015-2016-phong-gd-luc-ngan (1).doc","","","import.issues[9]","1 exercise blocks were not mapped to a topic."
"warning","import.source.unmapped_blocks","","de-kiem-tra-giua-ki-1-mon-toan-lop-6-nam-2015-2016-phong-gd-luc-ngan.doc","","","import.issues[10]","1 exercise blocks were not mapped to a topic."
"warning","import.source.unmapped_blocks","","de-kiem-tra-hk-1-mon-toan-lop-6-nam-2014-2015-thcs-thi-tran-trang-bang.doc","","","import.issues[11]","1 exercise blocks were not mapped to a topic."
"warning","import.source.unmapped_blocks","","de-kiem-tra-hoc-ki-1-mon-toan-lop-6.doc","","","import.issues[12]","30 exercise blocks were not mapped to a topic."
"warning","import.source.unmapped_blocks","","de-kscl-dau-nam-lop-6-mon-toan-2013-2014-thcs-quat-dong.doc","","","import.issues[13]","3 exercise blocks were not mapped to a topic."
"warning","import.source.unmapped_blocks","","de-kscl-dau-nam-lop-6-toan-nam-2013-2014-phong-gd-dt-duc-tho.doc","","","import.issues[14]","3 exercise blocks were not mapped to a topic."
"warning","import.source.unmapped_blocks","","de-kscl-dau-nam-lop-6-toan-nam-2014-2015-truong-thcs-ngo-may.doc","","","import.issues[15]","1 exercise blocks were not mapped to a topic."
"warning","import.source.unmapped_blocks","","de-kscl-dau-nam-toan-6-nam-2014-2015-thcs-xuan-duong.doc","","","import.issues[16]","4 exercise blocks were not mapped to a topic."
"warning","import.source.unmapped_blocks","","de-kscl-giua-ky-mon-toan-lop-6.doc","","","import.issues[17]","2 exercise blocks were not mapped to a topic."
"warning","import.source.unmapped_blocks","","de-ktra-giua-hk-mon-toan-lop-6-truong-nhan-my.doc","","","import.issues[18]","2 exercise blocks were not mapped to a topic."
"warning","import.source.unmapped_blocks","","de-thi-hk-1-mon-toan-lop-6-nam-2013-2014-huyen-long-my.doc","","","import.issues[19]","2 exercise blocks were not mapped to a topic."
"warning","import.source.unmapped_blocks","","de-thi-khao-sat-chat-luong-dot-1-mon-toan-lop-6-truong-thcs-ngu-lao-nam-2015-2016.doc","","","import.issues[20]","2 exercise blocks were not mapped to a topic."
"warning","import.source.unmapped_blocks","","De-thi-Tuyen-sinh-lop6-Nguyen-Tri-Phuong-2012.doc","","","import.issues[21]","6 exercise blocks were not mapped to a topic."
"warning","import.source.unmapped_blocks","","Ktra giua ky 1.doc","","","import.issues[22]","2 exercise blocks were not mapped to a topic."
"warning","import.source.no_exercise_blocks","","Luy thua/Luy thua- chu so tan cung.docx","math6.number.powers_order_operations","","import.issues[23]","No exercise blocks were detected in this source."
"warning","import.source.unmapped_blocks","","Ôn thi cuối kì 1/Đề thi cuối kì 1.doc","","","import.issues[24]","2 exercise blocks were not mapped to a topic."
"warning","import.source.unmapped_blocks","","Ôn thi cuối kì 1/de-cuong-on-tap-toan-6-hoc-ki-1_44655.doc","","","import.issues[25]","3 exercise blocks were not mapped to a topic."
"warning","import.source.no_exercise_blocks","","So sánh phân số lớp 6.doc","math6.number.fraction_foundation","","import.issues[26]","No exercise blocks were detected in this source."
"warning","pedagogy.scored_practice_excluded.formula_image_untranscribed","math6.number_sets_natural_numbers.123doc_vn_luyen_tap_phan_tich_ra_thua_so.06k2x6x.007","[123doc.vn] - luyen-tap-phan-tich-ra-thua-so-nguyen-to.doc","math6.number.sets_natural_numbers","pedagogy","questions[6]","Question uses recovered formula image(s) but has no machine-readable answer key yet; keep it for review, not scored practice."
"warning","pedagogy.scored_practice_excluded.bulk_exercise_list","math6.number_sets_natural_numbers.30dehsgtoan6_doc.1wmog8n.004","30DeHSGToan6.doc","math6.number.sets_natural_numbers","pedagogy","questions[63]","Imported block contains many sub-exercises or lost exponent formatting; split/transcribe it before scored practice."
"warning","pedagogy.scored_practice_excluded.bulk_exercise_list","math6.number_sets_natural_numbers.30dehsgtoan6_doc.1wmog8n.029","30DeHSGToan6.doc","math6.number.sets_natural_numbers","pedagogy","questions[88]","Imported block contains many sub-exercises or lost exponent formatting; split/transcribe it before scored practice."
"warning","pedagogy.scored_practice_excluded.bulk_exercise_list","math6.number_sets_natural_numbers.30dehsgtoan6_doc.1wmog8n.030","30DeHSGToan6.doc","math6.number.sets_natural_numbers","pedagogy","questions[89]","Imported block contains many sub-exercises or lost exponent formatting; split/transcribe it before scored practice."
"warning","pedagogy.scored_practice_excluded.formula_image_untranscribed","math6.number_sets_natural_numbers.30dehsgtoan6_doc.1wmog8n.050","30DeHSGToan6.doc","math6.number.sets_natural_numbers","pedagogy","questions[109]","Question uses recovered formula image(s) but has no machine-readable answer key yet; keep it for review, not scored practice."
"warning","pedagogy.scored_practice_excluded.source_metadata","math6.advanced_divisibility_hsg.30dehsgtoan6_doc.1wmog8n.060","30DeHSGToan6.doc","math6.advanced.divisibility_hsg","pedagogy","questions[119]","Imported block is source metadata such as duration or exam heading, not a scored practice question."
"warning","pedagogy.scored_practice_excluded.formula_image_untranscribed","math6.number_sets_natural_numbers.30dehsgtoan6_doc.1wmog8n.061","30DeHSGToan6.doc","math6.number.sets_natural_numbers","pedagogy","questions[120]","Question uses recovered formula image(s) but has no machine-readable answer key yet; keep it for review, not scored practice."
"warning","pedagogy.scored_practice_excluded.formula_image_untranscribed","math6.number_sets_natural_numbers.30dehsgtoan6_doc.1wmog8n.062","30DeHSGToan6.doc","math6.number.sets_natural_numbers","pedagogy","questions[121]","Question uses recovered formula image(s) but has no machine-readable answer key yet; keep it for review, not scored practice."
"warning","pedagogy.scored_practice_excluded.source_metadata","math6.advanced_divisibility_hsg.30dehsgtoan6_doc.1wmog8n.065","30DeHSGToan6.doc","math6.advanced.divisibility_hsg","pedagogy","questions[124]","Imported block is source metadata such as duration or exam heading, not a scored practice question."
"warning","pedagogy.scored_practice_excluded.formula_image_untranscribed","math6.number_sets_natural_numbers.30dehsgtoan6_doc.1wmog8n.102","30DeHSGToan6.doc","math6.number.sets_natural_numbers","pedagogy","questions[161]","Question uses recovered formula image(s) but has no machine-readable answer key yet; keep it for review, not scored practice."
"warning","pedagogy.scored_practice_excluded.block_bleed","math6.number_sets_natural_numbers.30dehsgtoan6_doc.1wmog8n.106","30DeHSGToan6.doc","math6.number.sets_natural_numbers","pedagogy","questions[165]","Imported block includes content from a following exam section, so it needs source cleanup before scored practice."
"warning","pedagogy.scored_practice_excluded.bulk_exercise_list","math6.number_sets_natural_numbers.30dehsgtoan6_doc.1wmog8n.113","30DeHSGToan6.doc","math6.number.sets_natural_numbers","pedagogy","questions[172]","Imported block contains many sub-exercises or lost exponent formatting; split/transcribe it before scored practice."
"warning","pedagogy.scored_practice_excluded.formula_image_untranscribed","math6.number_sets_natural_numbers.30dehsgtoan6_doc.1wmog8n.118","30DeHSGToan6.doc","math6.number.sets_natural_numbers","pedagogy","questions[177]","Question uses recovered formula image(s) but has no machine-readable answer key yet; keep it for review, not scored practice."
"warning","pedagogy.scored_practice_excluded.block_bleed","math6.geometry_angles.30dehsgtoan6_doc.1wmog8n.123","30DeHSGToan6.doc","math6.geometry.angles","pedagogy","questions[182]","Imported block includes content from a following exam section, so it needs source cleanup before scored practice."
"warning","pedagogy.scored_practice_excluded.block_bleed","math6.geometry_angles.30dehsgtoan6_doc.1wmog8n.127","30DeHSGToan6.doc","math6.geometry.angles","pedagogy","questions[186]","Imported block includes content from a following exam section, so it needs source cleanup before scored practice."
"warning","pedagogy.scored_practice_excluded.formula_image_untranscribed","math6.number_sets_natural_numbers.30dehsgtoan6_doc.1wmog8n.137","30DeHSGToan6.doc","math6.number.sets_natural_numbers","pedagogy","questions[196]","Question uses recovered formula image(s) but has no machine-readable answer key yet; keep it for review, not scored practice."
"warning","pedagogy.scored_practice_excluded.formula_image_untranscribed","math6.number_sets_natural_numbers.30dehsgtoan6_doc.1wmog8n.138","30DeHSGToan6.doc","math6.number.sets_natural_numbers","pedagogy","questions[197]","Question uses recovered formula image(s) but has no machine-readable answer key yet; keep it for review, not scored practice."
"warning","pedagogy.scored_practice_excluded.truncated_source","math6.number_sets_natural_numbers.4444444444444444_doc.16rbgqh.001","4444444444444444.doc","math6.number.sets_natural_numbers","pedagogy","questions[209]","Imported prompt appears truncated or missing a condition from the source file, so an answer key would be unreliable."
"warning","pedagogy.scored_practice_excluded.truncated_source","math6.geometry_points_lines_segments.4444444444444444_doc.16rbgqh.002","4444444444444444.doc","math6.geometry.points_lines_segments","pedagogy","questions[210]","Imported prompt appears truncated or missing a condition from the source file, so an answer key would be unreliable."
"warning","pedagogy.scored_practice_excluded.truncated_source","math6.number_decimal_percent.4444444444444444_doc.16rbgqh.003","4444444444444444.doc","math6.number.decimal_percent","pedagogy","questions[211]","Imported prompt appears truncated or missing a condition from the source file, so an answer key would be unreliable."
"warning","pedagogy.scored_practice_excluded.assessment_matrix","math6.number_decimal_percent.4444444444444444_doc.16rbgqh.004","4444444444444444.doc","math6.number.decimal_percent","pedagogy","questions[212]","Imported block is an assessment matrix or exam metadata, not a standalone scored practice question."
"warning","pedagogy.scored_practice_excluded.block_bleed","math6.geometry_points_lines_segments.4444444444444444_doc.16rbgqh.008","4444444444444444.doc","math6.geometry.points_lines_segments","pedagogy","questions[214]","Imported block includes content from a following exam section, so it needs source cleanup before scored practice."
"warning","pedagogy.scored_practice_excluded.bulk_exercise_list","math6.number_sets_natural_numbers.bai_tap_danh_cho_hoc_sinh_lop_6_tu_hoc_d.07i1stx.004","Bai tap danh cho hoc sinh lop 6 tu hoc.doc","math6.number.sets_natural_numbers","pedagogy","questions[222]","Imported block contains many sub-exercises or lost exponent formatting; split/transcribe it before scored practice."
"warning","pedagogy.scored_practice_excluded.bulk_exercise_list","math6.number_natural_operations.bai_tap_danh_cho_hoc_sinh_lop_6_tu_hoc_d.07i1stx.023","Bai tap danh cho hoc sinh lop 6 tu hoc.doc","math6.number.natural_operations","pedagogy","questions[241]","Imported block contains many sub-exercises or lost exponent formatting; split/transcribe it before scored practice."
"warning","pedagogy.scored_practice_excluded.bulk_exercise_list","math6.number_sets_natural_numbers.bai_tap_danh_cho_hoc_sinh_lop_6_tu_hoc_d.07i1stx.030","Bai tap danh cho hoc sinh lop 6 tu hoc.doc","math6.number.sets_natural_numbers","pedagogy","questions[248]","Imported block contains many sub-exercises or lost exponent formatting; split/transcribe it before scored practice."
"warning","pedagogy.scored_practice_excluded.truncated_source","math6.advanced_divisibility_hsg.bai_tap_danh_cho_hoc_sinh_lop_6_tu_hoc_d.07i1stx.037","Bai tap danh cho hoc sinh lop 6 tu hoc.doc","math6.advanced.divisibility_hsg","pedagogy","questions[255]","Imported prompt appears truncated or missing a condition from the source file, so an answer key would be unreliable."
"warning","pedagogy.scored_practice_excluded.instructional_note","math6.number_sets_natural_numbers.bai_tap_danh_cho_hoc_sinh_lop_6_tu_hoc_d.07i1stx.057","Bai tap danh cho hoc sinh lop 6 tu hoc.doc","math6.number.sets_natural_numbers","pedagogy","questions[275]","Imported block is an explanatory note or solving strategy, not a question requiring a scored answer."
"warning","pedagogy.scored_practice_excluded.instructional_note","math6.number_sets_natural_numbers.bai_tap_danh_cho_hoc_sinh_lop_6_tu_hoc_d.07i1stx.058","Bai tap danh cho hoc sinh lop 6 tu hoc.doc","math6.number.sets_natural_numbers","pedagogy","questions[276]","Imported block is an explanatory note or solving strategy, not a question requiring a scored answer."
"warning","pedagogy.scored_practice_excluded.bulk_exercise_list","math6.number_sets_natural_numbers.bai_tap_danh_cho_hoc_sinh_lop_6_tu_hoc_d.07i1stx.064","Bai tap danh cho hoc sinh lop 6 tu hoc.doc","math6.number.sets_natural_numbers","pedagogy","questions[282]","Imported block contains many sub-exercises or lost exponent formatting; split/transcribe it before scored practice."
"warning","pedagogy.scored_practice_excluded.formula_image_untranscribed","math6.number_sets_natural_numbers.bai_tap_danh_cho_hoc_sinh_lop_6_tu_hoc_d.07i1stx.077","Bai tap danh cho hoc sinh lop 6 tu hoc.doc","math6.number.sets_natural_numbers","pedagogy","questions[295]","Question uses recovered formula image(s) but has no machine-readable answer key yet; keep it for review, not scored practice."
"warning","pedagogy.scored_practice_excluded.formula_image_untranscribed","math6.number_sets_natural_numbers.bai_tap_danh_cho_hoc_sinh_lop_6_tu_hoc_d.07i1stx.089","Bai tap danh cho hoc sinh lop 6 tu hoc.doc","math6.number.sets_natural_numbers","pedagogy","questions[307]","Question uses recovered formula image(s) but has no machine-readable answer key yet; keep it for review, not scored practice."
"warning","pedagogy.scored_practice_excluded.formula_image_untranscribed","math6.number_sets_natural_numbers.bai_tap_danh_cho_hoc_sinh_lop_6_tu_hoc_d.07i1stx.108","Bai tap danh cho hoc sinh lop 6 tu hoc.doc","math6.number.sets_natural_numbers","pedagogy","questions[326]","Question uses recovered formula image(s) but has no machine-readable answer key yet; keep it for review, not scored practice."
"warning","pedagogy.scored_practice_excluded.formula_image_untranscribed","math6.number_sets_natural_numbers.bai_tap_danh_cho_hoc_sinh_lop_6_tu_hoc_d.07i1stx.109","Bai tap danh cho hoc sinh lop 6 tu hoc.doc","math6.number.sets_natural_numbers","pedagogy","questions[327]","Question uses recovered formula image(s) but has no machine-readable answer key yet; keep it for review, not scored practice."
"warning","pedagogy.scored_practice_excluded.formula_image_untranscribed","math6.number_sets_natural_numbers.bai_tap_danh_cho_hoc_sinh_lop_6_tu_hoc_d.07i1stx.110","Bai tap danh cho hoc sinh lop 6 tu hoc.doc","math6.number.sets_natural_numbers","pedagogy","questions[328]","Question uses recovered formula image(s) but has no machine-readable answer key yet; keep it for review, not scored practice."
"warning","pedagogy.scored_practice_excluded.formula_image_untranscribed","math6.number_sets_natural_numbers.bai_tap_danh_cho_hoc_sinh_lop_6_tu_hoc_d.07i1stx.112","Bai tap danh cho hoc sinh lop 6 tu hoc.doc","math6.number.sets_natural_numbers","pedagogy","questions[330]","Question uses recovered formula image(s) but has no machine-readable answer key yet; keep it for review, not scored practice."
"warning","pedagogy.scored_practice_excluded.formula_image_untranscribed","math6.number_sets_natural_numbers.bai_tap_danh_cho_hoc_sinh_lop_6_tu_hoc_d.07i1stx.114","Bai tap danh cho hoc sinh lop 6 tu hoc.doc","math6.number.sets_natural_numbers","pedagogy","questions[332]","Question uses recovered formula image(s) but has no machine-readable answer key yet; keep it for review, not scored practice."
"warning","pedagogy.scored_practice_excluded.formula_image_untranscribed","math6.number_sets_natural_numbers.bai_tap_danh_cho_hoc_sinh_lop_6_tu_hoc_d.07i1stx.128","Bai tap danh cho hoc sinh lop 6 tu hoc.doc","math6.number.sets_natural_numbers","pedagogy","questions[346]","Question uses recovered formula image(s) but has no machine-readable answer key yet; keep it for review, not scored practice."
"warning","pedagogy.scored_practice_excluded.formula_image_untranscribed","math6.number_sets_natural_numbers.bai_tap_danh_cho_hoc_sinh_lop_6_tu_hoc_d.07i1stx.136","Bai tap danh cho hoc sinh lop 6 tu hoc.doc","math6.number.sets_natural_numbers","pedagogy","questions[354]","Question uses recovered formula image(s) but has no machine-readable answer key yet; keep it for review, not scored practice."
"warning","pedagogy.scored_practice_excluded.truncated_source","math6.advanced_divisibility_hsg.bai_tap_danh_cho_hoc_sinh_lop_6_tu_hoc_d.07i1stx.141","Bai tap danh cho hoc sinh lop 6 tu hoc.doc","math6.advanced.divisibility_hsg","pedagogy","questions[359]","Imported prompt appears truncated or missing a condition from the source file, so an answer key would be unreliable."
"warning","pedagogy.scored_practice_excluded.formula_image_untranscribed","math6.number_sets_natural_numbers.bai_tap_danh_cho_hoc_sinh_lop_6_tu_hoc_d.07i1stx.149","Bai tap danh cho hoc sinh lop 6 tu hoc.doc","math6.number.sets_natural_numbers","pedagogy","questions[367]","Question uses recovered formula image(s) but has no machine-readable answer key yet; keep it for review, not scored practice."
"warning","pedagogy.scored_practice_excluded.formula_image_untranscribed","math6.number_sets_natural_numbers.bai_tap_danh_cho_hoc_sinh_lop_6_tu_hoc_d.07i1stx.199","Bai tap danh cho hoc sinh lop 6 tu hoc.doc","math6.number.sets_natural_numbers","pedagogy","questions[417]","Question uses recovered formula image(s) but has no machine-readable answer key yet; keep it for review, not scored practice."
"warning","pedagogy.scored_practice_excluded.truncated_source","math6.number_sets_natural_numbers.bai_tap_danh_cho_hoc_sinh_lop_6_tu_hoc_d.07i1stx.205","Bai tap danh cho hoc sinh lop 6 tu hoc.doc","math6.number.sets_natural_numbers","pedagogy","questions[423]","Imported prompt appears truncated or missing a condition from the source file, so an answer key would be unreliable."
"warning","pedagogy.scored_practice_excluded.instructional_note","math6.number_natural_operations.bai_tap_danh_cho_hoc_sinh_lop_6_tu_hoc_d.07i1stx.209","Bai tap danh cho hoc sinh lop 6 tu hoc.doc","math6.number.natural_operations","pedagogy","questions[427]","Imported block is an explanatory note or solving strategy, not a question requiring a scored answer."
"warning","pedagogy.scored_practice_excluded.bulk_exercise_list","math6.number_sets_natural_numbers.bai_tap_danh_cho_hoc_sinh_lop_6_tu_hoc_d.07i1stx.212","Bai tap danh cho hoc sinh lop 6 tu hoc.doc","math6.number.sets_natural_numbers","pedagogy","questions[430]","Imported block contains many sub-exercises or lost exponent formatting; split/transcribe it before scored practice."
"warning","pedagogy.scored_practice_excluded.bulk_exercise_list","math6.number_sets_natural_numbers.bai_tap_danh_cho_hoc_sinh_lop_6_tu_hoc_d.07i1stx.213","Bai tap danh cho hoc sinh lop 6 tu hoc.doc","math6.number.sets_natural_numbers","pedagogy","questions[431]","Imported block contains many sub-exercises or lost exponent formatting; split/transcribe it before scored practice."
"warning","pedagogy.scored_practice_excluded.bulk_exercise_list","math6.number_sets_natural_numbers.bai_tap_danh_cho_hoc_sinh_lop_6_tu_hoc_d.07i1stx.214","Bai tap danh cho hoc sinh lop 6 tu hoc.doc","math6.number.sets_natural_numbers","pedagogy","questions[432]","Imported block contains many sub-exercises or lost exponent formatting; split/transcribe it before scored practice."
"warning","pedagogy.scored_practice_excluded.formula_image_untranscribed","math6.number_sets_natural_numbers.bai_tap_danh_cho_hoc_sinh_lop_6_tu_hoc_d.07i1stx.220","Bai tap danh cho hoc sinh lop 6 tu hoc.doc","math6.number.sets_natural_numbers","pedagogy","questions[438]","Question uses recovered formula image(s) but has no machine-readable answer key yet; keep it for review, not scored practice."
"warning","pedagogy.scored_practice_excluded.bulk_exercise_list","math6.number_sets_natural_numbers.bai_tap_danh_cho_hoc_sinh_lop_6_tu_hoc_d.07i1stx.221","Bai tap danh cho hoc sinh lop 6 tu hoc.doc","math6.number.sets_natural_numbers","pedagogy","questions[439]","Imported block contains many sub-exercises or lost exponent formatting; split/transcribe it before scored practice."
"warning","pedagogy.scored_practice_excluded.bulk_exercise_list","math6.number_sets_natural_numbers.bai_tap_danh_cho_hoc_sinh_lop_6_tu_hoc_d.07i1stx.222","Bai tap danh cho hoc sinh lop 6 tu hoc.doc","math6.number.sets_natural_numbers","pedagogy","questions[440]","Imported block contains many sub-exercises or lost exponent formatting; split/transcribe it before scored practice."
"warning","pedagogy.scored_practice_excluded.formula_image_untranscribed","math6.number_sets_natural_numbers.bai_tap_danh_cho_hoc_sinh_lop_6_tu_hoc_d.07i1stx.223","Bai tap danh cho hoc sinh lop 6 tu hoc.doc","math6.number.sets_natural_numbers","pedagogy","questions[441]","Question uses recovered formula image(s) but has no machine-readable answer key yet; keep it for review, not scored practice."
"warning","pedagogy.scored_practice_excluded.formula_image_untranscribed","math6.number_sets_natural_numbers.bai_tap_danh_cho_hoc_sinh_lop_6_tu_hoc_d.07i1stx.225","Bai tap danh cho hoc sinh lop 6 tu hoc.doc","math6.number.sets_natural_numbers","pedagogy","questions[443]","Question uses recovered formula image(s) but has no machine-readable answer key yet; keep it for review, not scored practice."
"warning","pedagogy.scored_practice_excluded.formula_image_untranscribed","math6.number_sets_natural_numbers.bai_tap_danh_cho_hoc_sinh_lop_6_tu_hoc_d.07i1stx.228","Bai tap danh cho hoc sinh lop 6 tu hoc.doc","math6.number.sets_natural_numbers","pedagogy","questions[446]","Question uses recovered formula image(s) but has no machine-readable answer key yet; keep it for review, not scored practice."
"warning","pedagogy.scored_practice_excluded.formula_image_untranscribed","math6.number_sets_natural_numbers.bai_tap_danh_cho_hoc_sinh_lop_6_tu_hoc_d.07i1stx.235","Bai tap danh cho hoc sinh lop 6 tu hoc.doc","math6.number.sets_natural_numbers","pedagogy","questions[453]","Question uses recovered formula image(s) but has no machine-readable answer key yet; keep it for review, not scored practice."
"warning","pedagogy.scored_practice_excluded.bulk_exercise_list","math6.number_sets_natural_numbers.bai_tap_danh_cho_hoc_sinh_lop_6_tu_hoc_d.07i1stx.238","Bai tap danh cho hoc sinh lop 6 tu hoc.doc","math6.number.sets_natural_numbers","pedagogy","questions[456]","Imported block contains many sub-exercises or lost exponent formatting; split/transcribe it before scored practice."
"warning","pedagogy.scored_practice_excluded.formula_image_untranscribed","math6.number_sets_natural_numbers.bai_tap_danh_cho_hoc_sinh_lop_6_tu_hoc_d.07i1stx.239","Bai tap danh cho hoc sinh lop 6 tu hoc.doc","math6.number.sets_natural_numbers","pedagogy","questions[457]","Question uses recovered formula image(s) but has no machine-readable answer key yet; keep it for review, not scored practice."
"warning","pedagogy.scored_practice_excluded.bulk_exercise_list","math6.number_sets_natural_numbers.bai_tap_danh_cho_hoc_sinh_lop_6_tu_hoc_d.07i1stx.245","Bai tap danh cho hoc sinh lop 6 tu hoc.doc","math6.number.sets_natural_numbers","pedagogy","questions[463]","Imported block contains many sub-exercises or lost exponent formatting; split/transcribe it before scored practice."
"warning","pedagogy.scored_practice_excluded.bulk_exercise_list","math6.number_natural_operations.bai_tap_danh_cho_hoc_sinh_lop_6_tu_hoc_d.07i1stx.246","Bai tap danh cho hoc sinh lop 6 tu hoc.doc","math6.number.natural_operations","pedagogy","questions[464]","Imported block contains many sub-exercises or lost exponent formatting; split/transcribe it before scored practice."
"warning","pedagogy.scored_practice_excluded.source_artifact","math6.number_natural_operations.bai_tap_danh_cho_hoc_sinh_lop_6_tu_hoc_d.07i1stx.247","Bai tap danh cho hoc sinh lop 6 tu hoc.doc","math6.number.natural_operations","pedagogy","questions[465]","Imported prompt has broken equation/table layout, so it must be cleaned before scored practice."
"warning","pedagogy.scored_practice_excluded.formula_image_untranscribed","math6.number_sets_natural_numbers.bai_tap_danh_cho_hoc_sinh_lop_6_tu_hoc_d.07i1stx.249","Bai tap danh cho hoc sinh lop 6 tu hoc.doc","math6.number.sets_natural_numbers","pedagogy","questions[467]","Question uses recovered formula image(s) but has no machine-readable answer key yet; keep it for review, not scored practice."
"warning","pedagogy.scored_practice_excluded.formula_image_untranscribed","math6.number_sets_natural_numbers.bai_tap_danh_cho_hoc_sinh_lop_6_tu_hoc_d.07i1stx.250","Bai tap danh cho hoc sinh lop 6 tu hoc.doc","math6.number.sets_natural_numbers","pedagogy","questions[468]","Question uses recovered formula image(s) but has no machine-readable answer key yet; keep it for review, not scored practice."
"warning","pedagogy.scored_practice_excluded.bulk_exercise_list","math6.number_sets_natural_numbers.bai_tap_danh_cho_hoc_sinh_lop_6_tu_hoc_d.07i1stx.252","Bai tap danh cho hoc sinh lop 6 tu hoc.doc","math6.number.sets_natural_numbers","pedagogy","questions[470]","Imported block contains many sub-exercises or lost exponent formatting; split/transcribe it before scored practice."
"warning","pedagogy.scored_practice_excluded.bulk_exercise_list","math6.number_sets_natural_numbers.bai_tap_danh_cho_hoc_sinh_lop_6_tu_hoc_d.07i1stx.253","Bai tap danh cho hoc sinh lop 6 tu hoc.doc","math6.number.sets_natural_numbers","pedagogy","questions[471]","Imported block contains many sub-exercises or lost exponent formatting; split/transcribe it before scored practice."
"warning","pedagogy.scored_practice_excluded.bulk_exercise_list","math6.number_natural_operations.bai_tap_danh_cho_hoc_sinh_lop_6_tu_hoc_d.07i1stx.255","Bai tap danh cho hoc sinh lop 6 tu hoc.doc","math6.number.natural_operations","pedagogy","questions[473]","Imported block contains many sub-exercises or lost exponent formatting; split/transcribe it before scored practice."
"warning","pedagogy.scored_practice_excluded.bulk_exercise_list","math6.number_sets_natural_numbers.bai_tap_danh_cho_hoc_sinh_lop_6_tu_hoc_d.07i1stx.257","Bai tap danh cho hoc sinh lop 6 tu hoc.doc","math6.number.sets_natural_numbers","pedagogy","questions[475]","Imported block contains many sub-exercises or lost exponent formatting; split/transcribe it before scored practice."
"warning","pedagogy.scored_practice_excluded.formula_image_untranscribed","math6.number_sets_natural_numbers.bai_tap_danh_cho_hoc_sinh_lop_6_tu_hoc_d.07i1stx.260","Bai tap danh cho hoc sinh lop 6 tu hoc.doc","math6.number.sets_natural_numbers","pedagogy","questions[478]","Question uses recovered formula image(s) but has no machine-readable answer key yet; keep it for review, not scored practice."
"warning","pedagogy.scored_practice_excluded.formula_image_untranscribed","math6.number_sets_natural_numbers.bai_tap_danh_cho_hoc_sinh_lop_6_tu_hoc_d.07i1stx.261","Bai tap danh cho hoc sinh lop 6 tu hoc.doc","math6.number.sets_natural_numbers","pedagogy","questions[479]","Question uses recovered formula image(s) but has no machine-readable answer key yet; keep it for review, not scored practice."
"warning","pedagogy.scored_practice_excluded.formula_image_untranscribed","math6.number_sets_natural_numbers.bai_tap_danh_cho_hoc_sinh_lop_6_tu_hoc_d.07i1stx.263","Bai tap danh cho hoc sinh lop 6 tu hoc.doc","math6.number.sets_natural_numbers","pedagogy","questions[481]","Question uses recovered formula image(s) but has no machine-readable answer key yet; keep it for review, not scored practice."
"warning","pedagogy.scored_practice_excluded.formula_image_untranscribed","math6.number_sets_natural_numbers.bai_tap_danh_cho_hoc_sinh_lop_6_tu_hoc_d.07i1stx.264","Bai tap danh cho hoc sinh lop 6 tu hoc.doc","math6.number.sets_natural_numbers","pedagogy","questions[482]","Question uses recovered formula image(s) but has no machine-readable answer key yet; keep it for review, not scored practice."
"warning","pedagogy.scored_practice_excluded.formula_image_untranscribed","math6.number_sets_natural_numbers.bai_tap_danh_cho_hoc_sinh_lop_6_tu_hoc_d.07i1stx.265","Bai tap danh cho hoc sinh lop 6 tu hoc.doc","math6.number.sets_natural_numbers","pedagogy","questions[483]","Question uses recovered formula image(s) but has no machine-readable answer key yet; keep it for review, not scored practice."
"warning","pedagogy.scored_practice_excluded.formula_image_untranscribed","math6.number_sets_natural_numbers.bai_tap_danh_cho_hoc_sinh_lop_6_tu_hoc_d.07i1stx.266","Bai tap danh cho hoc sinh lop 6 tu hoc.doc","math6.number.sets_natural_numbers","pedagogy","questions[484]","Question uses recovered formula image(s) but has no machine-readable answer key yet; keep it for review, not scored practice."
"warning","pedagogy.scored_practice_excluded.formula_image_untranscribed","math6.number_sets_natural_numbers.bai_tap_danh_cho_hoc_sinh_lop_6_tu_hoc_d.07i1stx.267","Bai tap danh cho hoc sinh lop 6 tu hoc.doc","math6.number.sets_natural_numbers","pedagogy","questions[485]","Question uses recovered formula image(s) but has no machine-readable answer key yet; keep it for review, not scored practice."
"warning","pedagogy.scored_practice_excluded.formula_image_untranscribed","math6.number_sets_natural_numbers.bai_tap_danh_cho_hoc_sinh_lop_6_tu_hoc_d.07i1stx.268","Bai tap danh cho hoc sinh lop 6 tu hoc.doc","math6.number.sets_natural_numbers","pedagogy","questions[486]","Question uses recovered formula image(s) but has no machine-readable answer key yet; keep it for review, not scored practice."
"warning","pedagogy.scored_practice_excluded.formula_image_untranscribed","math6.number_sets_natural_numbers.bai_tap_danh_cho_hoc_sinh_lop_6_tu_hoc_d.07i1stx.269","Bai tap danh cho hoc sinh lop 6 tu hoc.doc","math6.number.sets_natural_numbers","pedagogy","questions[487]","Question uses recovered formula image(s) but has no machine-readable answer key yet; keep it for review, not scored practice."
"warning","pedagogy.scored_practice_excluded.formula_image_untranscribed","math6.geometry_angles.bai_tap_danh_cho_hoc_sinh_lop_6_tu_hoc_d.07i1stx.275","Bai tap danh cho hoc sinh lop 6 tu hoc.doc","math6.geometry.angles","pedagogy","questions[493]","Question uses recovered formula image(s) but has no machine-readable answer key yet; keep it for review, not scored practice."
"warning","pedagogy.scored_practice_excluded.formula_image_untranscribed","math6.geometry_angles.bai_tap_danh_cho_hoc_sinh_lop_6_tu_hoc_d.07i1stx.276","Bai tap danh cho hoc sinh lop 6 tu hoc.doc","math6.geometry.angles","pedagogy","questions[494]","Question uses recovered formula image(s) but has no machine-readable answer key yet; keep it for review, not scored practice."
"warning","pedagogy.scored_practice_excluded.formula_image_untranscribed","math6.geometry_angles.bai_tap_danh_cho_hoc_sinh_lop_6_tu_hoc_d.07i1stx.284","Bai tap danh cho hoc sinh lop 6 tu hoc.doc","math6.geometry.angles","pedagogy","questions[502]","Question uses recovered formula image(s) but has no machine-readable answer key yet; keep it for review, not scored practice."
"warning","pedagogy.scored_practice_excluded.construction_only","math6.number_sets_natural_numbers.bai_tap_danh_cho_hoc_sinh_lop_6_tu_hoc_d.07i1stx.289","Bai tap danh cho hoc sinh lop 6 tu hoc.doc","math6.number.sets_natural_numbers","pedagogy","questions[507]","Construction-only geometry prompt is suitable for review/drawing practice, not automatic scored practice."
"warning","pedagogy.scored_practice_excluded.truncated_source","math6.geometry_angles.bai_tap_danh_cho_hoc_sinh_lop_6_tu_hoc_d.07i1stx.293","Bai tap danh cho hoc sinh lop 6 tu hoc.doc","math6.geometry.angles","pedagogy","questions[511]","Imported prompt appears truncated or missing a condition from the source file, so an answer key would be unreliable."
"warning","pedagogy.scored_practice_excluded.formula_image_untranscribed","math6.geometry_angles.bai_tap_danh_cho_hoc_sinh_lop_6_tu_hoc_d.07i1stx.294","Bai tap danh cho hoc sinh lop 6 tu hoc.doc","math6.geometry.angles","pedagogy","questions[512]","Question uses recovered formula image(s) but has no machine-readable answer key yet; keep it for review, not scored practice."
"warning","pedagogy.scored_practice_excluded.contradictory_source","math6.geometry_points_lines_segments.bai_tap_danh_cho_hoc_sinh_lop_6_tu_hoc_d.07i1stx.304","Bai tap danh cho hoc sinh lop 6 tu hoc.doc","math6.geometry.points_lines_segments","pedagogy","questions[522]","Imported geometry prompt is contradictory or underdetermined; a scored answer would be misleading."
"warning","pedagogy.scored_practice_excluded.formula_image_untranscribed","math6.number_sets_natural_numbers.bai_tap_danh_cho_hoc_sinh_lop_6_tu_hoc_d.07i1stx.316","Bai tap danh cho hoc sinh lop 6 tu hoc.doc","math6.number.sets_natural_numbers","pedagogy","questions[534]","Question uses recovered formula image(s) but has no machine-readable answer key yet; keep it for review, not scored practice."
"warning","pedagogy.scored_practice_excluded.bulk_exercise_list","math6.number_sets_natural_numbers.bai_tap_danh_cho_hoc_sinh_lop_6_tu_hoc_d.07i1stx.319","Bai tap danh cho hoc sinh lop 6 tu hoc.doc","math6.number.sets_natural_numbers","pedagogy","questions[537]","Imported block contains many sub-exercises or lost exponent formatting; split/transcribe it before scored practice."
"warning","pedagogy.scored_practice_excluded.formula_image_untranscribed","math6.number_sets_natural_numbers.bai_tap_danh_cho_hoc_sinh_lop_6_tu_hoc_d.07i1stx.327","Bai tap danh cho hoc sinh lop 6 tu hoc.doc","math6.number.sets_natural_numbers","pedagogy","questions[545]","Question uses recovered formula image(s) but has no machine-readable answer key yet; keep it for review, not scored practice."
"warning","pedagogy.scored_practice_excluded.formula_image_untranscribed","math6.number_sets_natural_numbers.bai_tap_danh_cho_hoc_sinh_lop_6_tu_hoc_d.07i1stx.328","Bai tap danh cho hoc sinh lop 6 tu hoc.doc","math6.number.sets_natural_numbers","pedagogy","questions[546]","Question uses recovered formula image(s) but has no machine-readable answer key yet; keep it for review, not scored practice."
"warning","pedagogy.scored_practice_excluded.bulk_exercise_list","math6.number_sets_natural_numbers.bai_tap_danh_cho_hoc_sinh_lop_6_tu_hoc_d.07i1stx.331","Bai tap danh cho hoc sinh lop 6 tu hoc.doc","math6.number.sets_natural_numbers","pedagogy","questions[549]","Imported block contains many sub-exercises or lost exponent formatting; split/transcribe it before scored practice."
"warning","pedagogy.scored_practice_excluded.bulk_exercise_list","math6.number_sets_natural_numbers.bai_tap_danh_cho_hoc_sinh_lop_6_tu_hoc_d.07i1stx.333","Bai tap danh cho hoc sinh lop 6 tu hoc.doc","math6.number.sets_natural_numbers","pedagogy","questions[551]","Imported block contains many sub-exercises or lost exponent formatting; split/transcribe it before scored practice."
"warning","pedagogy.scored_practice_excluded.contradictory_source","math6.geometry_points_lines_segments.bai_tap_danh_cho_hoc_sinh_lop_6_tu_hoc_d.07i1stx.336","Bai tap danh cho hoc sinh lop 6 tu hoc.doc","math6.geometry.points_lines_segments","pedagogy","questions[554]","Imported geometry prompt is contradictory or underdetermined; a scored answer would be misleading."
"warning","pedagogy.scored_practice_excluded.formula_image_untranscribed","math6.number_sets_natural_numbers.bai_tap_danh_cho_hoc_sinh_lop_6_tu_hoc_d.07i1stx.339","Bai tap danh cho hoc sinh lop 6 tu hoc.doc","math6.number.sets_natural_numbers","pedagogy","questions[557]","Question uses recovered formula image(s) but has no machine-readable answer key yet; keep it for review, not scored practice."
"warning","pedagogy.scored_practice_excluded.bulk_exercise_list","math6.number_sets_natural_numbers.bai_tap_danh_cho_hoc_sinh_lop_6_tu_hoc_d.07i1stx.343","Bai tap danh cho hoc sinh lop 6 tu hoc.doc","math6.number.sets_natural_numbers","pedagogy","questions[561]","Imported block contains many sub-exercises or lost exponent formatting; split/transcribe it before scored practice."
"warning","pedagogy.scored_practice_excluded.formula_image_untranscribed","math6.geometry_points_lines_segments.bai_tap_danh_cho_hoc_sinh_lop_6_tu_hoc_d.07i1stx.347","Bai tap danh cho hoc sinh lop 6 tu hoc.doc","math6.geometry.points_lines_segments","pedagogy","questions[565]","Question uses recovered formula image(s) but has no machine-readable answer key yet; keep it for review, not scored practice."
"warning","pedagogy.scored_practice_excluded.bulk_exercise_list","math6.number_sets_natural_numbers.bai_tap_danh_cho_hoc_sinh_lop_6_tu_hoc_d.07i1stx.349","Bai tap danh cho hoc sinh lop 6 tu hoc.doc","math6.number.sets_natural_numbers","pedagogy","questions[567]","Imported block contains many sub-exercises or lost exponent formatting; split/transcribe it before scored practice."
"warning","pedagogy.scored_practice_excluded.formula_image_untranscribed","math6.number_sets_natural_numbers.bai_tap_danh_cho_hoc_sinh_lop_6_tu_hoc_d.07i1stx.350","Bai tap danh cho hoc sinh lop 6 tu hoc.doc","math6.number.sets_natural_numbers","pedagogy","questions[568]","Question uses recovered formula image(s) but has no machine-readable answer key yet; keep it for review, not scored practice."
"warning","pedagogy.scored_practice_excluded.bulk_exercise_list","math6.number_sets_natural_numbers.bai_tap_danh_cho_hoc_sinh_lop_6_tu_hoc_d.07i1stx.355","Bai tap danh cho hoc sinh lop 6 tu hoc.doc","math6.number.sets_natural_numbers","pedagogy","questions[573]","Imported block contains many sub-exercises or lost exponent formatting; split/transcribe it before scored practice."
"warning","pedagogy.scored_practice_excluded.bulk_exercise_list","math6.number_sets_natural_numbers.bai_tap_danh_cho_hoc_sinh_lop_6_tu_hoc_d.07i1stx.356","Bai tap danh cho hoc sinh lop 6 tu hoc.doc","math6.number.sets_natural_numbers","pedagogy","questions[574]","Imported block contains many sub-exercises or lost exponent formatting; split/transcribe it before scored practice."
"warning","pedagogy.scored_practice_excluded.formula_image_untranscribed","math6.number_sets_natural_numbers.bai_tap_danh_cho_hoc_sinh_lop_6_tu_hoc_d.07i1stx.360","Bai tap danh cho hoc sinh lop 6 tu hoc.doc","math6.number.sets_natural_numbers","pedagogy","questions[578]","Question uses recovered formula image(s) but has no machine-readable answer key yet; keep it for review, not scored practice."
"warning","pedagogy.scored_practice_excluded.bulk_exercise_list","math6.number_sets_natural_numbers.bai_tap_danh_cho_hoc_sinh_lop_6_tu_hoc_d.07i1stx.366","Bai tap danh cho hoc sinh lop 6 tu hoc.doc","math6.number.sets_natural_numbers","pedagogy","questions[584]","Imported block contains many sub-exercises or lost exponent formatting; split/transcribe it before scored practice."
"warning","pedagogy.scored_practice_excluded.bulk_exercise_list","math6.geometry_points_lines_segments.bai_tap_danh_cho_hoc_sinh_lop_6_tu_hoc_d.07i1stx.383","Bai tap danh cho hoc sinh lop 6 tu hoc.doc","math6.geometry.points_lines_segments","pedagogy","questions[601]","Imported block contains many sub-exercises or lost exponent formatting; split/transcribe it before scored practice."
"warning","pedagogy.scored_practice_excluded.bulk_exercise_list","math6.number_sets_natural_numbers.bai_tap_danh_cho_hoc_sinh_lop_6_tu_hoc_d.07i1stx.390","Bai tap danh cho hoc sinh lop 6 tu hoc.doc","math6.number.sets_natural_numbers","pedagogy","questions[608]","Imported block contains many sub-exercises or lost exponent formatting; split/transcribe it before scored practice."
"warning","pedagogy.scored_practice_excluded.bulk_exercise_list","math6.number_natural_operations.bai_tap_danh_cho_hoc_sinh_lop_6_tu_hoc_d.07i1stx.402","Bai tap danh cho hoc sinh lop 6 tu hoc.doc","math6.number.natural_operations","pedagogy","questions[620]","Imported block contains many sub-exercises or lost exponent formatting; split/transcribe it before scored practice."
"warning","pedagogy.scored_practice_excluded.bulk_exercise_list","math6.number_sets_natural_numbers.bai_tap_danh_cho_hoc_sinh_lop_6_tu_hoc_d.07i1stx.407","Bai tap danh cho hoc sinh lop 6 tu hoc.doc","math6.number.sets_natural_numbers","pedagogy","questions[625]","Imported block contains many sub-exercises or lost exponent formatting; split/transcribe it before scored practice."
"warning","pedagogy.scored_practice_excluded.bulk_exercise_list","math6.number_sets_natural_numbers.bai_tap_danh_cho_hoc_sinh_lop_6_tu_hoc_d.07i1stx.408","Bai tap danh cho hoc sinh lop 6 tu hoc.doc","math6.number.sets_natural_numbers","pedagogy","questions[626]","Imported block contains many sub-exercises or lost exponent formatting; split/transcribe it before scored practice."
"warning","pedagogy.scored_practice_excluded.bulk_exercise_list","math6.number_sets_natural_numbers.bai_tap_danh_cho_hoc_sinh_lop_6_tu_hoc_d.07i1stx.413","Bai tap danh cho hoc sinh lop 6 tu hoc.doc","math6.number.sets_natural_numbers","pedagogy","questions[631]","Imported block contains many sub-exercises or lost exponent formatting; split/transcribe it before scored practice."
"warning","pedagogy.scored_practice_excluded.bulk_exercise_list","math6.number_sets_natural_numbers.bai_tap_danh_cho_hoc_sinh_lop_6_tu_hoc_d.07i1stx.416","Bai tap danh cho hoc sinh lop 6 tu hoc.doc","math6.number.sets_natural_numbers","pedagogy","questions[634]","Imported block contains many sub-exercises or lost exponent formatting; split/transcribe it before scored practice."
"warning","pedagogy.scored_practice_excluded.bulk_exercise_list","math6.number_sets_natural_numbers.bai_tap_danh_cho_hoc_sinh_lop_6_tu_hoc_d.07i1stx.417","Bai tap danh cho hoc sinh lop 6 tu hoc.doc","math6.number.sets_natural_numbers","pedagogy","questions[635]","Imported block contains many sub-exercises or lost exponent formatting; split/transcribe it before scored practice."
"warning","pedagogy.scored_practice_excluded.bulk_exercise_list","math6.number_sets_natural_numbers.bai_tap_uoc_va_boi_mai_xuan_trong_doc.1s4lpd1.005","Bai tap UOC VA BOI Mai Xuan Trong.doc","math6.number.sets_natural_numbers","pedagogy","questions[643]","Imported block contains many sub-exercises or lost exponent formatting; split/transcribe it before scored practice."
"warning","pedagogy.scored_practice_excluded.bulk_exercise_list","math6.number_sets_natural_numbers.bai_tap_tim_chu_so_tan_cung_doc.0ocm47i.004","bai-tap-tim-chu-so-tan-cung.doc","math6.number.sets_natural_numbers","pedagogy","questions[661]","Imported block contains many sub-exercises or lost exponent formatting; split/transcribe it before scored practice."
"warning","pedagogy.scored_practice_excluded.bulk_exercise_list","math6.number_powers_order_operations.bai_tap_tim_chu_so_tan_cung_doc.0ocm47i.006","bai-tap-tim-chu-so-tan-cung.doc","math6.number.powers_order_operations","pedagogy","questions[663]","Imported block contains many sub-exercises or lost exponent formatting; split/transcribe it before scored practice."
"warning","pedagogy.scored_practice_excluded.bulk_exercise_list","math6.number_powers_order_operations.bai_tap_tim_chu_so_tan_cung_doc.0ocm47i.009","bai-tap-tim-chu-so-tan-cung.doc","math6.number.powers_order_operations","pedagogy","questions[666]","Imported block contains many sub-exercises or lost exponent formatting; split/transcribe it before scored practice."
"warning","pedagogy.scored_practice_excluded.bulk_exercise_list","math6.number_powers_order_operations.bai_tap_tim_chu_so_tan_cung_doc.0ocm47i.012","bai-tap-tim-chu-so-tan-cung.doc","math6.number.powers_order_operations","pedagogy","questions[669]","Imported block contains many sub-exercises or lost exponent formatting; split/transcribe it before scored practice."
"warning","pedagogy.scored_practice_excluded.instructional_note","math6.number_sets_natural_numbers.bai_tap_toan_lop_6_so_chinh_phuong_doc.157skp5.009","bai-tap-toan-lop-6-so-chinh-phuong.doc","math6.number.sets_natural_numbers","pedagogy","questions[704]","Imported block is an explanatory note or solving strategy, not a question requiring a scored answer."
"warning","pedagogy.scored_practice_excluded.instructional_note","math6.advanced_divisibility_hsg.bai_tap_toan_lop_6_so_chinh_phuong_doc.157skp5.018","bai-tap-toan-lop-6-so-chinh-phuong.doc","math6.advanced.divisibility_hsg","pedagogy","questions[713]","Imported block is an explanatory note or solving strategy, not a question requiring a scored answer."
"warning","pedagogy.scored_practice_excluded.bulk_exercise_list","math6.number_sets_natural_numbers.bai_tap_toan_lop_6_so_chinh_phuong_doc.157skp5.021","bai-tap-toan-lop-6-so-chinh-phuong.doc","math6.number.sets_natural_numbers","pedagogy","questions[716]","Imported block contains many sub-exercises or lost exponent formatting; split/transcribe it before scored practice."
"warning","pedagogy.scored_practice_excluded.instructional_note","math6.advanced_divisibility_hsg.bai_tap_toan_lop_6_so_chinh_phuong_doc.157skp5.022","bai-tap-toan-lop-6-so-chinh-phuong.doc","math6.advanced.divisibility_hsg","pedagogy","questions[717]","Imported block is an explanatory note or solving strategy, not a question requiring a scored answer."
"warning","pedagogy.scored_practice_excluded.instructional_note","math6.number_sets_natural_numbers.bai_tap_toan_lop_6_so_chinh_phuong_doc.157skp5.023","bai-tap-toan-lop-6-so-chinh-phuong.doc","math6.number.sets_natural_numbers","pedagogy","questions[718]","Imported block is an explanatory note or solving strategy, not a question requiring a scored answer."
"warning","pedagogy.scored_practice_excluded.source_artifact","math6.number_integers_intro.bai_tap_toan_lop_6_so_nguyen_doc.1l9d7yv.012","bai-tap-toan-lop-6-so-nguyen.doc","math6.number.integers_intro","pedagogy","questions[742]","Imported prompt has broken equation/table layout, so it must be cleaned before scored practice."
"warning","pedagogy.scored_practice_excluded.external_figure","math6.geometry_points_lines_segments.bai_tap_toan_lop_6_so_nguyen_doc.1l9d7yv.025","bai-tap-toan-lop-6-so-nguyen.doc","math6.geometry.points_lines_segments","pedagogy","questions[755]","Question depends on an original figure or multiple-choice image that has not been converted into a scored answer key."
"warning","pedagogy.scored_practice_excluded.source_artifact","math6.number_natural_operations.bai_tap_toan_lop_6_so_nguyen_doc.1l9d7yv.028","bai-tap-toan-lop-6-so-nguyen.doc","math6.number.natural_operations","pedagogy","questions[758]","Imported prompt has broken equation/table layout, so it must be cleaned before scored practice."
"warning","pedagogy.scored_practice_excluded.formula_image_untranscribed","math6.number_sets_natural_numbers.bai_tap_toan_lop_6_so_nguyen_doc.1l9d7yv.050","bai-tap-toan-lop-6-so-nguyen.doc","math6.number.sets_natural_numbers","pedagogy","questions[780]","Question uses recovered formula image(s) but has no machine-readable answer key yet; keep it for review, not scored practice."
"warning","pedagogy.scored_practice_excluded.formula_image_untranscribed","math6.number_sets_natural_numbers.bai_tap_toan_lop_6_so_nguyen_doc.1l9d7yv.051","bai-tap-toan-lop-6-so-nguyen.doc","math6.number.sets_natural_numbers","pedagogy","questions[781]","Question uses recovered formula image(s) but has no machine-readable answer key yet; keep it for review, not scored practice."
"warning","pedagogy.scored_practice_excluded.formula_image_untranscribed","math6.number_sets_natural_numbers.bai_tap_toan_lop_6_so_nguyen_doc.1l9d7yv.052","bai-tap-toan-lop-6-so-nguyen.doc","math6.number.sets_natural_numbers","pedagogy","questions[782]","Question uses recovered formula image(s) but has no machine-readable answer key yet; keep it for review, not scored practice."
"warning","pedagogy.scored_practice_excluded.formula_image_untranscribed","math6.number_sets_natural_numbers.bai_tap_toan_lop_6_so_nguyen_doc.1l9d7yv.053","bai-tap-toan-lop-6-so-nguyen.doc","math6.number.sets_natural_numbers","pedagogy","questions[783]","Question uses recovered formula image(s) but has no machine-readable answer key yet; keep it for review, not scored practice."
"warning","pedagogy.scored_practice_excluded.formula_image_untranscribed","math6.number_sets_natural_numbers.bai_tap_toan_lop_6_so_nguyen_doc.1l9d7yv.054","bai-tap-toan-lop-6-so-nguyen.doc","math6.number.sets_natural_numbers","pedagogy","questions[784]","Question uses recovered formula image(s) but has no machine-readable answer key yet; keep it for review, not scored practice."
"warning","pedagogy.scored_practice_excluded.formula_image_untranscribed","math6.number_sets_natural_numbers.bai_tap_toan_lop_6_so_nguyen_doc.1l9d7yv.057","bai-tap-toan-lop-6-so-nguyen.doc","math6.number.sets_natural_numbers","pedagogy","questions[787]","Question uses recovered formula image(s) but has no machine-readable answer key yet; keep it for review, not scored practice."
"warning","pedagogy.scored_practice_excluded.formula_image_untranscribed","math6.number_sets_natural_numbers.bai_tap_toan_lop_6_so_nguyen_doc.1l9d7yv.058","bai-tap-toan-lop-6-so-nguyen.doc","math6.number.sets_natural_numbers","pedagogy","questions[788]","Question uses recovered formula image(s) but has no machine-readable answer key yet; keep it for review, not scored practice."
"warning","pedagogy.scored_practice_excluded.formula_image_untranscribed","math6.number_sets_natural_numbers.bai_tap_toan_lop_6_so_nguyen_doc.1l9d7yv.059","bai-tap-toan-lop-6-so-nguyen.doc","math6.number.sets_natural_numbers","pedagogy","questions[789]","Question uses recovered formula image(s) but has no machine-readable answer key yet; keep it for review, not scored practice."
"warning","pedagogy.scored_practice_excluded.formula_image_untranscribed","math6.number_sets_natural_numbers.bai_tap_toan_lop_6_so_nguyen_doc.1l9d7yv.061","bai-tap-toan-lop-6-so-nguyen.doc","math6.number.sets_natural_numbers","pedagogy","questions[791]","Question uses recovered formula image(s) but has no machine-readable answer key yet; keep it for review, not scored practice."
"warning","pedagogy.scored_practice_excluded.formula_image_untranscribed","math6.number_sets_natural_numbers.bai_tap_toan_lop_6_so_nguyen_doc.1l9d7yv.062","bai-tap-toan-lop-6-so-nguyen.doc","math6.number.sets_natural_numbers","pedagogy","questions[792]","Question uses recovered formula image(s) but has no machine-readable answer key yet; keep it for review, not scored practice."
"warning","pedagogy.scored_practice_excluded.formula_image_untranscribed","math6.number_sets_natural_numbers.bo_de_ks_daunam_2011_2012_kimdongthcs_to.0boblck.001","Bo - De-KS-daunam-2011-2012-kimDongTHCS-Toan.DOC","math6.number.sets_natural_numbers","pedagogy","questions[796]","Question uses recovered formula image(s) but has no machine-readable answer key yet; keep it for review, not scored practice."
"warning","pedagogy.scored_practice_excluded.formula_image_untranscribed","math6.number_sets_natural_numbers.bo_de_ks_daunam_2011_2012_kimdongthcs_to.0boblck.002","Bo - De-KS-daunam-2011-2012-kimDongTHCS-Toan.DOC","math6.number.sets_natural_numbers","pedagogy","questions[797]","Question uses recovered formula image(s) but has no machine-readable answer key yet; keep it for review, not scored practice."
"warning","pedagogy.scored_practice_excluded.formula_image_untranscribed","math6.number_sets_natural_numbers.bo_de_ks_daunam_2011_2012_kimdongthcs_to.0boblck.004","Bo - De-KS-daunam-2011-2012-kimDongTHCS-Toan.DOC","math6.number.sets_natural_numbers","pedagogy","questions[798]","Question uses recovered formula image(s) but has no machine-readable answer key yet; keep it for review, not scored practice."
"warning","pedagogy.scored_practice_excluded.formula_image_untranscribed","math6.number_sets_natural_numbers.bo_de_ks_daunam_2011_2012_kimdongthcs_to.0boblck.005","Bo - De-KS-daunam-2011-2012-kimDongTHCS-Toan.DOC","math6.number.sets_natural_numbers","pedagogy","questions[799]","Question uses recovered formula image(s) but has no machine-readable answer key yet; keep it for review, not scored practice."
"warning","pedagogy.scored_practice_excluded.bulk_exercise_list","math6.number_sets_natural_numbers.bo_de_ks_daunam_2011_2012_kimdongthcs_to.0boblck.007","Bo - De-KS-daunam-2011-2012-kimDongTHCS-Toan.DOC","math6.number.sets_natural_numbers","pedagogy","questions[800]","Imported block contains many sub-exercises or lost exponent formatting; split/transcribe it before scored practice."
"warning","pedagogy.scored_practice_excluded.bulk_exercise_list","math6.number_sets_natural_numbers.bo_de_ks_daunam_2011_2012_kimdongthcs_to.0boblck.008","Bo - De-KS-daunam-2011-2012-kimDongTHCS-Toan.DOC","math6.number.sets_natural_numbers","pedagogy","questions[801]","Imported block contains many sub-exercises or lost exponent formatting; split/transcribe it before scored practice."
"warning","pedagogy.scored_practice_excluded.formula_image_untranscribed","math6.number_sets_natural_numbers.bo_de_ks_daunam_2011_2012_kimdongthcs_to.0boblck.023","Bo - De-KS-daunam-2011-2012-kimDongTHCS-Toan.DOC","math6.number.sets_natural_numbers","pedagogy","questions[814]","Question uses recovered formula image(s) but has no machine-readable answer key yet; keep it for review, not scored practice."
"warning","pedagogy.scored_practice_excluded.formula_image_untranscribed","math6.number_sets_natural_numbers.chuyen_de_1_tap_hop_doc.1xevvfv.010","Chuyên đề 1 tập hợp.doc","math6.number.sets_natural_numbers","pedagogy","questions[857]","Question uses recovered formula image(s) but has no machine-readable answer key yet; keep it for review, not scored practice."
"warning","pedagogy.scored_practice_excluded.formula_image_untranscribed","math6.number_sets_natural_numbers.chuyen_de_3_luy_thua_doc.0ygqjgj.003","Chuyên đề 3. Lũy thừa.doc","math6.number.sets_natural_numbers","pedagogy","questions[873]","Question uses recovered formula image(s) but has no machine-readable answer key yet; keep it for review, not scored practice."
"warning","pedagogy.scored_practice_excluded.block_bleed","math6.number_sets_natural_numbers.chuyen_de_3_luy_thua_doc.0ygqjgj.005","Chuyên đề 3. Lũy thừa.doc","math6.number.sets_natural_numbers","pedagogy","questions[875]","Imported block includes content from a following exam section, so it needs source cleanup before scored practice."
"warning","pedagogy.scored_practice_excluded.formula_image_untranscribed","math6.number_sets_natural_numbers.chuyen_de_3_luy_thua_doc.0ygqjgj.006","Chuyên đề 3. Lũy thừa.doc","math6.number.sets_natural_numbers","pedagogy","questions[876]","Question uses recovered formula image(s) but has no machine-readable answer key yet; keep it for review, not scored practice."
"warning","pedagogy.scored_practice_excluded.bulk_exercise_list","math6.number_sets_natural_numbers.chuyen_de_3_luy_thua_doc.0ygqjgj.007","Chuyên đề 3. Lũy thừa.doc","math6.number.sets_natural_numbers","pedagogy","questions[877]","Imported block contains many sub-exercises or lost exponent formatting; split/transcribe it before scored practice."
"warning","pedagogy.scored_practice_excluded.bulk_exercise_list","math6.number_sets_natural_numbers.chuyen_de_3_luy_thua_doc.0ygqjgj.008","Chuyên đề 3. Lũy thừa.doc","math6.number.sets_natural_numbers","pedagogy","questions[878]","Imported block contains many sub-exercises or lost exponent formatting; split/transcribe it before scored practice."
"warning","pedagogy.scored_practice_excluded.bulk_exercise_list","math6.number_sets_natural_numbers.chuyen_de_3_luy_thua_doc.0ygqjgj.010","Chuyên đề 3. Lũy thừa.doc","math6.number.sets_natural_numbers","pedagogy","questions[880]","Imported block contains many sub-exercises or lost exponent formatting; split/transcribe it before scored practice."
"warning","pedagogy.scored_practice_excluded.formula_image_untranscribed","math6.number_sets_natural_numbers.chuyen_de_3_luy_thua_doc.0ygqjgj.011","Chuyên đề 3. Lũy thừa.doc","math6.number.sets_natural_numbers","pedagogy","questions[881]","Question uses recovered formula image(s) but has no machine-readable answer key yet; keep it for review, not scored practice."
"warning","pedagogy.scored_practice_excluded.formula_image_untranscribed","math6.number_sets_natural_numbers.chuyen_de_4_dau_hieu_chia_het_lop_6_doc.0o987xw.003","Chuyên đề 4. Dấu hiệu chia hết lớp 6.doc","math6.number.sets_natural_numbers","pedagogy","questions[884]","Question uses recovered formula image(s) but has no machine-readable answer key yet; keep it for review, not scored practice."
"warning","pedagogy.scored_practice_excluded.formula_image_untranscribed","math6.number_sets_natural_numbers.chuyen_de_4_dau_hieu_chia_het_lop_6_doc.0o987xw.004","Chuyên đề 4. Dấu hiệu chia hết lớp 6.doc","math6.number.sets_natural_numbers","pedagogy","questions[885]","Question uses recovered formula image(s) but has no machine-readable answer key yet; keep it for review, not scored practice."
"warning","pedagogy.scored_practice_excluded.formula_image_untranscribed","math6.number_sets_natural_numbers.chuyen_de_4_dau_hieu_chia_het_lop_6_doc.0o987xw.005","Chuyên đề 4. Dấu hiệu chia hết lớp 6.doc","math6.number.sets_natural_numbers","pedagogy","questions[886]","Question uses recovered formula image(s) but has no machine-readable answer key yet; keep it for review, not scored practice."
"warning","pedagogy.scored_practice_excluded.formula_image_untranscribed","math6.number_sets_natural_numbers.chuyen_de_4_dau_hieu_chia_het_lop_6_doc.0o987xw.006","Chuyên đề 4. Dấu hiệu chia hết lớp 6.doc","math6.number.sets_natural_numbers","pedagogy","questions[887]","Question uses recovered formula image(s) but has no machine-readable answer key yet; keep it for review, not scored practice."
"warning","pedagogy.scored_practice_excluded.formula_image_untranscribed","math6.number_sets_natural_numbers.chuyen_de_4_dau_hieu_chia_het_lop_6_doc.0o987xw.007","Chuyên đề 4. Dấu hiệu chia hết lớp 6.doc","math6.number.sets_natural_numbers","pedagogy","questions[888]","Question uses recovered formula image(s) but has no machine-readable answer key yet; keep it for review, not scored practice."
"warning","pedagogy.scored_practice_excluded.formula_image_untranscribed","math6.number_sets_natural_numbers.chuyen_de_4_dau_hieu_chia_het_lop_6_doc.0o987xw.008","Chuyên đề 4. Dấu hiệu chia hết lớp 6.doc","math6.number.sets_natural_numbers","pedagogy","questions[889]","Question uses recovered formula image(s) but has no machine-readable answer key yet; keep it for review, not scored practice."
"warning","pedagogy.scored_practice_excluded.formula_image_untranscribed","math6.number_sets_natural_numbers.chuyen_de_4_dau_hieu_chia_het_lop_6_doc.0o987xw.009","Chuyên đề 4. Dấu hiệu chia hết lớp 6.doc","math6.number.sets_natural_numbers","pedagogy","questions[890]","Question uses recovered formula image(s) but has no machine-readable answer key yet; keep it for review, not scored practice."
"warning","pedagogy.scored_practice_excluded.formula_image_untranscribed","math6.number_sets_natural_numbers.chuyen_de_4_dau_hieu_chia_het_lop_6_doc.0o987xw.010","Chuyên đề 4. Dấu hiệu chia hết lớp 6.doc","math6.number.sets_natural_numbers","pedagogy","questions[891]","Question uses recovered formula image(s) but has no machine-readable answer key yet; keep it for review, not scored practice."
"warning","pedagogy.scored_practice_excluded.formula_image_untranscribed","math6.number_sets_natural_numbers.chuyen_de_4_dau_hieu_chia_het_lop_6_doc.0o987xw.011","Chuyên đề 4. Dấu hiệu chia hết lớp 6.doc","math6.number.sets_natural_numbers","pedagogy","questions[892]","Question uses recovered formula image(s) but has no machine-readable answer key yet; keep it for review, not scored practice."
"warning","pedagogy.scored_practice_excluded.formula_image_untranscribed","math6.number_sets_natural_numbers.chuyen_de_4_dau_hieu_chia_het_lop_6_doc.0o987xw.012","Chuyên đề 4. Dấu hiệu chia hết lớp 6.doc","math6.number.sets_natural_numbers","pedagogy","questions[893]","Question uses recovered formula image(s) but has no machine-readable answer key yet; keep it for review, not scored practice."
"warning","pedagogy.scored_practice_excluded.formula_image_untranscribed","math6.number_sets_natural_numbers.chuyen_de_4_dau_hieu_chia_het_lop_6_doc.0o987xw.013","Chuyên đề 4. Dấu hiệu chia hết lớp 6.doc","math6.number.sets_natural_numbers","pedagogy","questions[894]","Question uses recovered formula image(s) but has no machine-readable answer key yet; keep it for review, not scored practice."
"warning","pedagogy.scored_practice_excluded.formula_image_untranscribed","math6.number_sets_natural_numbers.chuyen_de_4_dau_hieu_chia_het_lop_6_doc.0o987xw.017","Chuyên đề 4. Dấu hiệu chia hết lớp 6.doc","math6.number.sets_natural_numbers","pedagogy","questions[898]","Question uses recovered formula image(s) but has no machine-readable answer key yet; keep it for review, not scored practice."
"warning","pedagogy.scored_practice_excluded.open_ended_advanced","math6.number_prime_factor_gcd_lcm.chuyen_de_5_so_nguyen_to_doc.05w39xz.009","Chuyên đề 5. Số nguyên tố.doc","math6.number.prime_factor_gcd_lcm","pedagogy","questions[908]","Advanced prime-number prompt is open-ended or source-ambiguous and needs manual curation before scoring."
"warning","pedagogy.scored_practice_excluded.construction_only","math6.geometry_points_lines_segments.chuyen_de_doan_thang_do_dai_doan_thang_d.10ukup3.008","Chuyên đề. Đoạn thẳng. Độ dài đoạn thẳng.doc","math6.geometry.points_lines_segments","pedagogy","questions[932]","Construction-only geometry prompt is suitable for review/drawing practice, not automatic scored practice."
"warning","pedagogy.scored_practice_excluded.contradictory_source","math6.geometry_points_lines_segments.chuyen_de_doan_thang_do_dai_doan_thang_d.10ukup3.009","Chuyên đề. Đoạn thẳng. Độ dài đoạn thẳng.doc","math6.geometry.points_lines_segments","pedagogy","questions[933]","Imported geometry prompt is contradictory or underdetermined; a scored answer would be misleading."
"warning","pedagogy.scored_practice_excluded.formula_image_untranscribed","math6.geometry_points_lines_segments.chuyen_de_tia_hai_tia_doi_nhau_doc.13w6iyr.002","Chuyên đề. Tia. Hai tia đối nhau.doc","math6.geometry.points_lines_segments","pedagogy","questions[941]","Question uses recovered formula image(s) but has no machine-readable answer key yet; keep it for review, not scored practice."
"warning","pedagogy.scored_practice_excluded.construction_only","math6.geometry_points_lines_segments.chuyen_de_tia_hai_tia_doi_nhau_doc.13w6iyr.009","Chuyên đề. Tia. Hai tia đối nhau.doc","math6.geometry.points_lines_segments","pedagogy","questions[948]","Construction-only geometry prompt is suitable for review/drawing practice, not automatic scored practice."
"warning","pedagogy.scored_practice_excluded.incomplete_prompt","math6.geometry_points_lines_segments.chuyen_de_trung_diem_doan_thang_doc.01la3a5.001","Chuyên đề. Trung điểm đoạn thẳng.doc","math6.geometry.points_lines_segments","pedagogy","questions[949]","Imported prompt has setup text but no complete scored question, so an answer key would be speculative."
"warning","pedagogy.scored_practice_excluded.bulk_exercise_list","math6.geometry_points_lines_segments.chuyen_de_trung_diem_doan_thang_doc.01la3a5.004","Chuyên đề. Trung điểm đoạn thẳng.doc","math6.geometry.points_lines_segments","pedagogy","questions[952]","Imported block contains many sub-exercises or lost exponent formatting; split/transcribe it before scored practice."
"warning","pedagogy.scored_practice_excluded.instructional_note","math6.number_decimal_percent.chuyen_de_cac_bai_toan_ve_su_chia_het_cu.1jvbt3e.007","chuyen-de-cac-bai-toan-ve-su-chia-het-cua-so-nguyen.doc","math6.number.decimal_percent","pedagogy","questions[973]","Imported block is an explanatory note or solving strategy, not a question requiring a scored answer."
"warning","pedagogy.scored_practice_excluded.formula_image_untranscribed","math6.number_sets_natural_numbers.chuyen_de_cac_bai_toan_ve_su_chia_het_cu.1jvbt3e.011","chuyen-de-cac-bai-toan-ve-su-chia-het-cua-so-nguyen.doc","math6.number.sets_natural_numbers","pedagogy","questions[977]","Question uses recovered formula image(s) but has no machine-readable answer key yet; keep it for review, not scored practice."
"warning","pedagogy.scored_practice_excluded.instructional_note","math6.number_prime_factor_gcd_lcm.chuyen_de_ucln_bc_nn_doc.1srh73e.002","CHUYÊN-ĐỀ-UCLN  - BC NN.doc","math6.number.prime_factor_gcd_lcm","pedagogy","questions[999]","Imported block is an explanatory note or solving strategy, not a question requiring a scored answer."
"warning","pedagogy.scored_practice_excluded.formula_image_untranscribed","math6.number_sets_natural_numbers.chuyen_de_ucln_bc_nn_doc.1srh73e.005","CHUYÊN-ĐỀ-UCLN  - BC NN.doc","math6.number.sets_natural_numbers","pedagogy","questions[1002]","Question uses recovered formula image(s) but has no machine-readable answer key yet; keep it for review, not scored practice."
"warning","pedagogy.scored_practice_excluded.source_artifact","math6.number_divisibility.dau_hieu_chia_het_dau_hieu_chia_het_docx.1otfwfk.006","dau hieu chia het/Dau hieu chia het.docx","math6.number.divisibility","pedagogy","questions[1029]","Imported prompt has broken equation/table layout, so it must be cleaned before scored practice."
"warning","pedagogy.scored_practice_excluded.bulk_exercise_list","math6.advanced_divisibility_hsg.dau_hieu_chia_het_mot_so_dang_toan_chia_.0rewsqo.001","dau hieu chia het/Mot so dang toan chia het Lop 6.doc","math6.advanced.divisibility_hsg","pedagogy","questions[1030]","Imported block contains many sub-exercises or lost exponent formatting; split/transcribe it before scored practice."
"warning","pedagogy.scored_practice_excluded.sgk_reference_only","math6.number_fraction_three_basic_problems.de_cuong_on_tap_he_mon_toan_lop_6_doc.1umr0aw.003","de-cuong-on-tap-he-mon-toan-lop-6.doc","math6.number.fraction_three_basic_problems","pedagogy","questions[1035]","Imported block only references SGK exercise numbers and does not contain the actual question text."
"warning","pedagogy.scored_practice_excluded.sgk_reference_only","math6.number_fraction_three_basic_problems.de_cuong_on_tap_he_mon_toan_lop_6_doc.1umr0aw.005","de-cuong-on-tap-he-mon-toan-lop-6.doc","math6.number.fraction_three_basic_problems","pedagogy","questions[1037]","Imported block only references SGK exercise numbers and does not contain the actual question text."
"warning","pedagogy.scored_practice_excluded.sgk_reference_only","math6.number_fraction_three_basic_problems.de_cuong_on_tap_he_mon_toan_lop_6_doc.1umr0aw.008","de-cuong-on-tap-he-mon-toan-lop-6.doc","math6.number.fraction_three_basic_problems","pedagogy","questions[1040]","Imported block only references SGK exercise numbers and does not contain the actual question text."
"warning","pedagogy.scored_practice_excluded.formula_image_untranscribed","math6.number_sets_natural_numbers.de_cuong_on_tap_he_mon_toan_lop_6_doc.1umr0aw.012","de-cuong-on-tap-he-mon-toan-lop-6.doc","math6.number.sets_natural_numbers","pedagogy","questions[1044]","Question uses recovered formula image(s) but has no machine-readable answer key yet; keep it for review, not scored practice."
"warning","pedagogy.scored_practice_excluded.sgk_reference_only","math6.number_fraction_three_basic_problems.de_cuong_on_tap_he_mon_toan_lop_6_doc.1umr0aw.017","de-cuong-on-tap-he-mon-toan-lop-6.doc","math6.number.fraction_three_basic_problems","pedagogy","questions[1049]","Imported block only references SGK exercise numbers and does not contain the actual question text."
"warning","pedagogy.scored_practice_excluded.sgk_reference_only","math6.number_sets_natural_numbers.de_cuong_on_tap_he_mon_toan_lop_6_doc.1umr0aw.020","de-cuong-on-tap-he-mon-toan-lop-6.doc","math6.number.sets_natural_numbers","pedagogy","questions[1052]","Imported block only references SGK exercise numbers and does not contain the actual question text."
"warning","pedagogy.scored_practice_excluded.bulk_exercise_list","math6.number_sets_natural_numbers.de_kiem_tra_giua_ki_1_mon_toan_lop_6_nam.1719i9o.002","de-kiem-tra-giua-ki-1-mon-toan-lop-6-nam-2014-2015-huyen-viet-yen (1).doc","math6.number.sets_natural_numbers","pedagogy","questions[1063]","Imported block contains many sub-exercises or lost exponent formatting; split/transcribe it before scored practice."
"warning","pedagogy.scored_practice_excluded.bulk_exercise_list","math6.number_sets_natural_numbers.de_kiem_tra_giua_ki_1_mon_toan_lop_6_nam.1j0voq2.002","de-kiem-tra-giua-ki-1-mon-toan-lop-6-nam-2014-2015-huyen-viet-yen.doc","math6.number.sets_natural_numbers","pedagogy","questions[1068]","Imported block contains many sub-exercises or lost exponent formatting; split/transcribe it before scored practice."
"warning","pedagogy.scored_practice_excluded.bulk_exercise_list","math6.number_natural_operations.de_kiem_tra_giua_ki_1_mon_toan_lop_6_thc.07c4zkm.001","de-kiem-tra-giua-ki-1-mon-toan-lop-6-thcs-hong-duong.doc","math6.number.natural_operations","pedagogy","questions[1080]","Imported block contains many sub-exercises or lost exponent formatting; split/transcribe it before scored practice."
"warning","pedagogy.scored_practice_excluded.formula_image_untranscribed","math6.number_sets_natural_numbers.de_kiem_tra_hk_1_mon_toan_lop_6_nam_2014.09tf63t.003","de-kiem-tra-hk-1-mon-toan-lop-6-nam-2014-2015-thcs-thi-tran-trang-bang.doc","math6.number.sets_natural_numbers","pedagogy","questions[1086]","Question uses recovered formula image(s) but has no machine-readable answer key yet; keep it for review, not scored practice."
"warning","pedagogy.scored_practice_excluded.formula_image_untranscribed","math6.number_sets_natural_numbers.de_kiem_tra_hoc_ki_1_mon_toan_lop_6_doc.1oxdt9m.021","de-kiem-tra-hoc-ki-1-mon-toan-lop-6.doc","math6.number.sets_natural_numbers","pedagogy","questions[1107]","Question uses recovered formula image(s) but has no machine-readable answer key yet; keep it for review, not scored practice."
"warning","pedagogy.scored_practice_excluded.formula_image_untranscribed","math6.number_sets_natural_numbers.de_kiem_tra_hoc_ki_1_mon_toan_lop_6_doc.1oxdt9m.040","de-kiem-tra-hoc-ki-1-mon-toan-lop-6.doc","math6.number.sets_natural_numbers","pedagogy","questions[1121]","Question uses recovered formula image(s) but has no machine-readable answer key yet; keep it for review, not scored practice."
"warning","pedagogy.scored_practice_excluded.contradictory_source","math6.geometry_points_lines_segments.de_kiem_tra_hoc_ki_1_mon_toan_lop_6_doc.1oxdt9m.073","de-kiem-tra-hoc-ki-1-mon-toan-lop-6.doc","math6.geometry.points_lines_segments","pedagogy","questions[1145]","Imported geometry prompt is contradictory or underdetermined; a scored answer would be misleading."
"warning","pedagogy.scored_practice_excluded.bulk_exercise_list","math6.number_sets_natural_numbers.de_kiem_tra_hoc_ki_1_mon_toan_lop_6_doc.1oxdt9m.088","de-kiem-tra-hoc-ki-1-mon-toan-lop-6.doc","math6.number.sets_natural_numbers","pedagogy","questions[1158]","Imported block contains many sub-exercises or lost exponent formatting; split/transcribe it before scored practice."
"warning","pedagogy.scored_practice_excluded.formula_image_untranscribed","math6.number_sets_natural_numbers.de_kiem_tra_hoc_ki_1_mon_toan_lop_6_doc.1oxdt9m.096","de-kiem-tra-hoc-ki-1-mon-toan-lop-6.doc","math6.number.sets_natural_numbers","pedagogy","questions[1166]","Question uses recovered formula image(s) but has no machine-readable answer key yet; keep it for review, not scored practice."
"warning","pedagogy.scored_practice_excluded.source_artifact","math6.number_natural_operations.de_kscl_dau_nam_lop_6_mon_toan_2013_2014.0ke2zs2.002","de-kscl-dau-nam-lop-6-mon-toan-2013-2014-thcs-quat-dong.doc","math6.number.natural_operations","pedagogy","questions[1221]","Imported prompt has broken equation/table layout, so it must be cleaned before scored practice."
"warning","pedagogy.scored_practice_excluded.external_figure","math6.geometry_angles.de_kscl_dau_nam_lop_6_mon_toan_2013_2014.0ke2zs2.005","de-kscl-dau-nam-lop-6-mon-toan-2013-2014-thcs-quat-dong.doc","math6.geometry.angles","pedagogy","questions[1222]","Question depends on an original figure or multiple-choice image that has not been converted into a scored answer key."
"warning","pedagogy.scored_practice_excluded.formula_image_untranscribed","math6.number_sets_natural_numbers.de_kscl_dau_nam_lop_6_toan_nam_2013_2014.1jxvv9z.004","de-kscl-dau-nam-lop-6-toan-nam-2013-2014-phong-gd-dt-duc-tho.doc","math6.number.sets_natural_numbers","pedagogy","questions[1224]","Question uses recovered formula image(s) but has no machine-readable answer key yet; keep it for review, not scored practice."
"warning","pedagogy.scored_practice_excluded.formula_image_untranscribed","math6.number_sets_natural_numbers.de_kscl_dau_nam_lop_6_toan_nam_2013_2014.1jxvv9z.011","de-kscl-dau-nam-lop-6-toan-nam-2013-2014-phong-gd-dt-duc-tho.doc","math6.number.sets_natural_numbers","pedagogy","questions[1230]","Question uses recovered formula image(s) but has no machine-readable answer key yet; keep it for review, not scored practice."
"warning","pedagogy.scored_practice_excluded.formula_image_untranscribed","math6.number_sets_natural_numbers.de_thi_hsg_toan6_huyen_viet_tri_2014_201.00khg32.001","de-thi-hsg-toan6-huyen-viet-tri-2014-2015.doc","math6.number.sets_natural_numbers","pedagogy","questions[1258]","Question uses recovered formula image(s) but has no machine-readable answer key yet; keep it for review, not scored practice."
"warning","pedagogy.scored_practice_excluded.formula_image_untranscribed","math6.number_sets_natural_numbers.de_thi_hsg_toan6_huyen_viet_tri_2014_201.00khg32.003","de-thi-hsg-toan6-huyen-viet-tri-2014-2015.doc","math6.number.sets_natural_numbers","pedagogy","questions[1260]","Question uses recovered formula image(s) but has no machine-readable answer key yet; keep it for review, not scored practice."
"warning","pedagogy.scored_practice_excluded.source_artifact","math6.geometry_angles.de_thi_hsg_toan6_huyen_viet_tri_2014_201.00khg32.004","de-thi-hsg-toan6-huyen-viet-tri-2014-2015.doc","math6.geometry.angles","pedagogy","questions[1261]","Imported prompt has broken equation/table layout, so it must be cleaned before scored practice."
"warning","pedagogy.scored_practice_excluded.formula_image_untranscribed","math6.number_sets_natural_numbers.de_thi_hsg_toan6_huyen_viet_tri_2014_201.00khg32.005","de-thi-hsg-toan6-huyen-viet-tri-2014-2015.doc","math6.number.sets_natural_numbers","pedagogy","questions[1262]","Question uses recovered formula image(s) but has no machine-readable answer key yet; keep it for review, not scored practice."
"warning","pedagogy.scored_practice_excluded.formula_image_untranscribed","math6.number_sets_natural_numbers.de_thi_tuyen_sinh_lop6_nguyen_tri_phuong.1qqc1zu.008","De-thi-Tuyen-sinh-lop6-Nguyen-Tri-Phuong-2012.doc","math6.number.sets_natural_numbers","pedagogy","questions[1271]","Question uses recovered formula image(s) but has no machine-readable answer key yet; keep it for review, not scored practice."
"warning","pedagogy.scored_practice_excluded.formula_image_untranscribed","math6.geometry_points_lines_segments.de_thi_tuyen_sinh_lop6_nguyen_tri_phuong.1qqc1zu.009","De-thi-Tuyen-sinh-lop6-Nguyen-Tri-Phuong-2012.doc","math6.geometry.points_lines_segments","pedagogy","questions[1272]","Question uses recovered formula image(s) but has no machine-readable answer key yet; keep it for review, not scored practice."
"warning","pedagogy.scored_practice_excluded.truncated_source","math6.number_divisibility.de_thi_tuyen_sinh_lop6_nguyen_tri_phuong.1qqc1zu.015","De-thi-Tuyen-sinh-lop6-Nguyen-Tri-Phuong-2012.doc","math6.number.divisibility","pedagogy","questions[1277]","Imported prompt appears truncated or missing a condition from the source file, so an answer key would be unreliable."
"warning","pedagogy.scored_practice_excluded.formula_image_untranscribed","math6.number_sets_natural_numbers.de_thi_tuyen_sinh_lop6_nguyen_tri_phuong.1qqc1zu.021","De-thi-Tuyen-sinh-lop6-Nguyen-Tri-Phuong-2012.doc","math6.number.sets_natural_numbers","pedagogy","questions[1280]","Question uses recovered formula image(s) but has no machine-readable answer key yet; keep it for review, not scored practice."
"warning","pedagogy.scored_practice_excluded.formula_image_untranscribed","math6.number_sets_natural_numbers.de_thi_tuyen_sinh_lop6_nguyen_tri_phuong.1qqc1zu.023","De-thi-Tuyen-sinh-lop6-Nguyen-Tri-Phuong-2012.doc","math6.number.sets_natural_numbers","pedagogy","questions[1282]","Question uses recovered formula image(s) but has no machine-readable answer key yet; keep it for review, not scored practice."
"warning","pedagogy.scored_practice_excluded.truncated_source","math6.number_sets_natural_numbers.ktra_giua_ky_1_doc.1c2rj2m.001","Ktra giua ky 1.doc","math6.number.sets_natural_numbers","pedagogy","questions[1300]","Imported prompt appears truncated or missing a condition from the source file, so an answer key would be unreliable."
"warning","pedagogy.scored_practice_excluded.truncated_source","math6.geometry_points_lines_segments.ktra_giua_ky_1_doc.1c2rj2m.002","Ktra giua ky 1.doc","math6.geometry.points_lines_segments","pedagogy","questions[1301]","Imported prompt appears truncated or missing a condition from the source file, so an answer key would be unreliable."
"warning","pedagogy.scored_practice_excluded.truncated_source","math6.number_decimal_percent.ktra_giua_ky_1_doc.1c2rj2m.003","Ktra giua ky 1.doc","math6.number.decimal_percent","pedagogy","questions[1302]","Imported prompt appears truncated or missing a condition from the source file, so an answer key would be unreliable."
"warning","pedagogy.scored_practice_excluded.assessment_matrix","math6.number_decimal_percent.ktra_giua_ky_1_doc.1c2rj2m.004","Ktra giua ky 1.doc","math6.number.decimal_percent","pedagogy","questions[1303]","Imported block is an assessment matrix or exam metadata, not a standalone scored practice question."
"warning","pedagogy.scored_practice_excluded.block_bleed","math6.geometry_points_lines_segments.ktra_giua_ky_1_doc.1c2rj2m.008","Ktra giua ky 1.doc","math6.geometry.points_lines_segments","pedagogy","questions[1305]","Imported block includes content from a following exam section, so it needs source cleanup before scored practice."
"warning","pedagogy.scored_practice_excluded.bulk_exercise_list","math6.number_powers_order_operations.luy_thua_chuyen_de_3_luy_thua_4_sua_docx.1pi7ua4.006","Luy thua/Chuyên đề 3. Lũy thừa(4 sửa).docx","math6.number.powers_order_operations","pedagogy","questions[1315]","Imported block contains many sub-exercises or lost exponent formatting; split/transcribe it before scored practice."
"warning","pedagogy.scored_practice_excluded.bulk_exercise_list","math6.number_powers_order_operations.luy_thua_chuyen_de_3_luy_thua_4_sua_docx.1pi7ua4.007","Luy thua/Chuyên đề 3. Lũy thừa(4 sửa).docx","math6.number.powers_order_operations","pedagogy","questions[1316]","Imported block contains many sub-exercises or lost exponent formatting; split/transcribe it before scored practice."
"warning","pedagogy.scored_practice_excluded.block_bleed","math6.number_powers_order_operations.luy_thua_chuyen_de_3_luy_thua_4_sua_docx.1pi7ua4.009","Luy thua/Chuyên đề 3. Lũy thừa(4 sửa).docx","math6.number.powers_order_operations","pedagogy","questions[1318]","Imported block includes content from a following exam section, so it needs source cleanup before scored practice."
"warning","pedagogy.scored_practice_excluded.bulk_exercise_list","math6.number_powers_order_operations.luy_thua_chuyen_de_3_luy_thua_4_sua_docx.1pi7ua4.010","Luy thua/Chuyên đề 3. Lũy thừa(4 sửa).docx","math6.number.powers_order_operations","pedagogy","questions[1319]","Imported block contains many sub-exercises or lost exponent formatting; split/transcribe it before scored practice."
"warning","pedagogy.scored_practice_excluded.bulk_exercise_list","math6.number_sets_natural_numbers.on_thi_cuoi_ki_1_79878795786988_doc.1i9q2nz.001","Ôn thi cuối kì 1/79878795786988.doc","math6.number.sets_natural_numbers","pedagogy","questions[1321]","Imported block contains many sub-exercises or lost exponent formatting; split/transcribe it before scored practice."
"warning","pedagogy.scored_practice_excluded.formula_image_untranscribed","math6.number_sets_natural_numbers.on_thi_cuoi_ki_1_de_thi_cuoi_ki_1_doc.1rb6rbl.002","Ôn thi cuối kì 1/Đề thi cuối kì 1.doc","math6.number.sets_natural_numbers","pedagogy","questions[1324]","Question uses recovered formula image(s) but has no machine-readable answer key yet; keep it for review, not scored practice."
"warning","pedagogy.scored_practice_excluded.contradictory_source","math6.geometry_points_lines_segments.on_thi_cuoi_ki_1_de_thi_cuoi_ki_1_doc.1rb6rbl.010","Ôn thi cuối kì 1/Đề thi cuối kì 1.doc","math6.geometry.points_lines_segments","pedagogy","questions[1330]","Imported geometry prompt is contradictory or underdetermined; a scored answer would be misleading."
"warning","pedagogy.scored_practice_excluded.bulk_exercise_list","math6.number_sets_natural_numbers.on_thi_cuoi_ki_1_de_cuong_on_tap_toan_6_.0q5tyj6.007","Ôn thi cuối kì 1/de-cuong-on-tap-toan-6-hoc-ki-1_44655.doc","math6.number.sets_natural_numbers","pedagogy","questions[1342]","Imported block contains many sub-exercises or lost exponent formatting; split/transcribe it before scored practice."
"warning","pedagogy.scored_practice_excluded.bulk_exercise_list","math6.number_natural_operations.toan_6_ki_1_doc.1xeqnjs.007","Toan 6 ki 1.doc","math6.number.natural_operations","pedagogy","questions[1362]","Imported block contains many sub-exercises or lost exponent formatting; split/transcribe it before scored practice."
"warning","pedagogy.scored_practice_excluded.bulk_exercise_list","math6.number_sets_natural_numbers.toan_6_ki_1_doc.1xeqnjs.008","Toan 6 ki 1.doc","math6.number.sets_natural_numbers","pedagogy","questions[1363]","Imported block contains many sub-exercises or lost exponent formatting; split/transcribe it before scored practice."
"warning","pedagogy.scored_practice_excluded.bulk_exercise_list","math6.number_natural_operations.toan_6_ki_1_doc.1xeqnjs.010","Toan 6 ki 1.doc","math6.number.natural_operations","pedagogy","questions[1365]","Imported block contains many sub-exercises or lost exponent formatting; split/transcribe it before scored practice."
"warning","pedagogy.scored_practice_excluded.bulk_exercise_list","math6.number_natural_operations.toan_6_ki_1_doc.1xeqnjs.011","Toan 6 ki 1.doc","math6.number.natural_operations","pedagogy","questions[1366]","Imported block contains many sub-exercises or lost exponent formatting; split/transcribe it before scored practice."
"warning","pedagogy.scored_practice_excluded.bulk_exercise_list","math6.number_natural_operations.toan_6_ki_1_doc.1xeqnjs.052","Toan 6 ki 1.doc","math6.number.natural_operations","pedagogy","questions[1407]","Imported block contains many sub-exercises or lost exponent formatting; split/transcribe it before scored practice."
"warning","pedagogy.scored_practice_excluded.contradictory_source","math6.geometry_points_lines_segments.toan_6_ki_1_doc.1xeqnjs.072","Toan 6 ki 1.doc","math6.geometry.points_lines_segments","pedagogy","questions[1427]","Imported geometry prompt is contradictory or underdetermined; a scored answer would be misleading."
